,interest,basic_exploration,focus_aspect,focused_exploration,entities
0,space,"Have you ever gazed up at the night sky, pondering the vast expanse of space that stretches beyond our imagination? Space, with its endless mysteries and wonders, continues to captivate humanity's curiosity like no other frontier. From the dazzling beauty of distant galaxies to the mind-boggling phenomena that defy our understanding, space offers a canvas of infinite possibilities waiting to be explored.

One of the lesser-known aspects of space is the concept of black holes â€“ enigmatic cosmic entities with gravitational pulls so strong that not even light can escape them. These celestial behemoths warp spacetime itself, challenging our fundamental understanding of physics. Their existence raises profound questions about the nature of reality and the limits of human knowledge.

Space exploration has also led to remarkable technological advancements that benefit life on Earth. Satellites orbiting high above us enable global communication, weather forecasting, and navigation systems. The International Space Station serves as a symbol of international cooperation in pushing the boundaries of human capability and fostering scientific discovery.

As we look to the future, space beckons us with promises of new discoveries and potential for further innovation. The quest to unravel its mysteries continues to inspire scientists, engineers, and dreamers alike. Whether it's uncovering clues about the origins of the universe or venturing towards Mars and beyond, humanity's journey into space opens up endless opportunities for exploration and growth.

In conclusion, space remains a boundless realm that sparks our imagination and fuels our quest for knowledge. Its allure lies not only in its grandeur but also in its ability to challenge us to think beyond ourselves and envision a future where possibilities are as infinite as the cosmos itself. As we gaze upwards into the starlit sky, let us embrace the wonder of space and embark on a journey towards unlocking its secrets yet unknown.",solar system,"The solar system is a fascinating and intricate cosmic neighborhood, encompassing the sun, eight planets, their moons, and numerous smaller celestial bodies. This vast expanse of space offers a glimpse into the wonders of the universe and the dynamics of celestial bodies interacting with each other.

At the heart of our solar system lies the sun, a blazing ball of gas that provides warmth and light to all its planetary companions. Mercury, Venus, Earth, Mars, Jupiter, Saturn, Uranus, and Neptune orbit around the sun in a delicate dance, each with its own unique characteristics and mysteries waiting to be unveiled. From the scorching temperatures of Mercury to the icy landscapes of Neptune, each planet offers a glimpse into the diverse environments that exist in our solar system.

The moons of the planets add another layer of complexity and intrigue to our understanding of the solar system. For example, Jupiter's moon Europa is believed to have a subsurface ocean that could potentially harbor life, while Saturn's moon Titan boasts lakes of liquid methane on its surface. These moons provide valuable insights into the potential for life beyond Earth and the varied geological processes at work in our solar system.

Exploring the solar system not only helps us understand our own place in the universe but also opens up possibilities for future space exploration. From sending missions to study the atmospheres of distant planets to searching for signs of past or present life on Mars, the solar system offers a wealth of opportunities for scientific discovery and technological advancement.

As we continue to unravel the mysteries of the solar system, we are reminded of the vastness and complexity of space, sparking curiosity and imagination about what lies beyond our cosmic doorstep. The exploration of our solar system serves as a gateway to further understanding the universe and our place within it, inviting us to dream of the possibilities that await us in the endless expanse of space.","[{""name"": ""The Sun"", ""description"": ""A blazing ball of gas emitting warmth and light, the central star of the solar system with dynamic surface features like sunspots and solar flares."", ""relevance"": ""The Sun is crucial for understanding space as it is the primary source of energy and light for the planets in the solar system, influencing their orbits, climates, and atmospheres.""}, {""name"": ""Jupiter's Moon Europa"", ""description"": ""A moon with a smooth icy surface covering a subsurface ocean, potentially harboring life beneath its cracked and fractured icy shell."", ""relevance"": ""Europa's subsurface ocean raises questions about the potential for extraterrestrial life within our solar system, highlighting the diversity of environments and possibilities beyond Earth.""}, {""name"": ""Saturn's Moon Titan"", ""description"": ""A moon with a thick atmosphere and lakes of liquid methane on its surface, featuring a unique landscape with hydrocarbon rivers and vast dune fields."", ""relevance"": ""Titan's methane lakes and complex atmospheric conditions provide insights into planetary geology and atmospheric processes, expanding our understanding of diverse planetary environments.""}]"
